User ID,Username,Role,Share Count,Post Count,Following Count,Follower Count
1,afrobeezy,A,0,57,8,20
2,doey,U,0,0,0,0
3,doeyy,U,0,0,0,0
4,doeyyy,U,0,0,0,0
5,kinha,A,0,947,17,47
6,hackinet,U,0,0,0,0
7,aisha123,U,0,0,0,0
8,sa123,U,0,0,0,0
9,mike,U,0,12,4,9
10,alpha,U,0,0,0,0
11,alpha1,U,0,0,0,0
12,Sachin,U,0,0,0,0
13,sachin123,U,0,0,0,0
14,maya,U,0,0,0,0
15,soulll,U,0,0,0,0
16,michaeldadziie,U,0,1,2,4
17,000810.fc595c03d0ae41ceae9c93372d24ea95.1728,U,0,0,0,0
18,jack,A,0,5,7,17
19,johntest,U,0,0,15,15
20,000336.91170904bf0a4c49a5318f8dd60bf808.1344,U,0,0,0,0
22,socialtest,U,0,0,0,0
23,SachinKinha,U,0,0,0,0
24,001248.8b63a97c73084e308d4efed904b25afd.1518,U,0,0,0,0
25,001455.c12453eb3abb42e2bac55363da6b32d2.0037,U,0,0,0,0
26,000863.a8bf84087039412e8af91caa38408d6b.0547,U,0,0,0,0
27,000793.d70553f319d94ffaaaa98c40ec68eea3.1032,U,0,0,0,0
28,000897.b36aa85b75704545af4a61143f6856bd.1933,U,0,0,0,0
29,000956.4c0e951ad8b44ff4954663b6bba69810.0127,U,0,0,0,0
30,sarah,U,0,0,0,0
31,Truth,U,0,0,0,0
32,000205.c9295afebced4ceb96d0f7676a0ac604.0951,U,0,0,0,0
33,000147.63cb6bee44e647aab0da3ea7b8645c5f.1033,U,0,0,0,0
34,001761.a36ebdbfb3c246beb2d1d03cc77bf009.1029,U,0,0,0,0
35,JohnDoeUsername,U,0,0,0,0
36,elimisteve,U,0,0,0,0
37,000526.db1bae2b0b954016831dbfaea069d15e.0215,U,0,0,0,0
38,000546.ecffafac6b704e3eae3a44839033d230.1601,U,0,0,0,0
39,swapnil,U,0,6,3,7
40,001461.5bcb267016d7471082d9010e18b9782b.0042,U,0,0,0,0
41,001087.ad76dd1dee6f476d84c155661df98fff.1314,U,0,0,0,0
43,000011.c33f3c2b12f14bf39a63284a6fea5ad7.1330,U,0,0,0,0
44,tarak,U,0,2,4,5
45,000183.19d306c63be94cfba6181f528710ac72.2250,U,0,0,0,0
46,000757.a50e82fd2c4243758e672c0912e1415c.2331,U,0,0,0,0
47,BodyByRaaj,U,0,0,2,0
48,001998.75e1150cb18e44ff9cb1f599001e1689.0739,U,0,0,0,0
49,001909.c212cb000d3246c78b971968f1d1ddd0.1430,U,0,0,0,0
50,001893.71341311c5ef4ebf9c3aead59ff9075f.1809,U,0,0,0,0
51,001366.a5336ee18c6145f195eef62ba05976c2.0006,U,0,0,0,0
52,001134.cbe228b1d6e243caaa5352a62379d7bb.0113,U,0,0,0,0
53,Justice,U,0,0,0,0
54,000735.6477f6d275254431b394d36073374116.1113,U,0,0,0,0
55,000347.a4ff4ec34ca24ad0a9efea5d74dca50e.1526,U,0,0,0,0
56,000230.2c956983d2b14256ab00284d84cb7ef3.1119,U,0,0,0,0
57,001882.b774dda6b5944728b11963597b76ca95.1203,U,0,0,1,0
58,001233.62fc4b0a666d4989a9401e489217b29c.2047,U,0,0,0,0
59,002025.8b952605c5154907b93a37250130e9a2.0109,U,0,0,0,0
60,000429.2722a574121841829569cbb85737140f.0051,U,0,0,0,0
61,000819.9c3b2302f8ae4b23904bfd200d3a8d4f.1016,U,0,0,0,0
62,001376.80789f535b434b03bde684bcce17548e.1547,U,0,0,0,0
63,001927.63a47dabd2034b889c295bcc1257d2df.1558,U,0,0,0,0
64,000303.be708e25264140db8be1cebba7707a28.2119,U,0,0,0,0
65,000696.b213405e4294424bb1999815127bfe1c.0425,U,0,0,0,0
66,000683.70082eeaa84b4816bb56b966dc9e6568.0722,U,0,0,0,0
67,001153.9ff163adaa53430ab00844ddadde6a8c.1626,U,0,0,0,0
68,001757.6c51aa3a5f62407b8b6b3503290d7c17.1734,U,0,0,0,0
69,valentine360,U,0,0,0,0
70,000146.566787d21ddf4b49a33d4431c62af5ca.0546,U,0,0,0,0
71,000119.de18077eaf40490a85edd30210cbae60.0627,U,0,0,0,0
72,001396.b98149eedfe24164ae08c1b302fffb7a.1805,U,0,0,0,0
73,000429.829b1519503b44dbbac1ffb7db5dc5e7.0250,U,0,0,0,0
74,001949.5f95384a28ad4fabb67e37ff9884ed13.1142,U,0,0,0,0
75,000368.ff6fe91f510347a888a15ec9958bc83f.1227,U,0,0,0,0
76,001909.8d1d4e404efb4cb0b9830091a93c3c99.0619,U,0,0,0,0
77,000845.0117b20e90f94c87abf936d267958085.1312,U,0,0,0,0
78,001439.850d40b149f942c0bc17615c703acc53.1640,U,0,0,0,0
79,001246.23a3c98201ad4e00bc193508b62f1be3.2212,U,0,0,0,0
80,001825.bda75c650f35418dbc7433e75f0b26be.0343,U,0,0,0,0
81,001461.d9bcecc826d44d3682c6e309a7f07466.0431,U,0,0,0,0
82,000973.6329fee72b6c4a7eac5c5c313f118a90.1417,U,0,0,0,0
83,000488.c3cc5b151bc443dea48f4a3491832cd4.1613,U,0,0,0,0
84,001161.b8dc7c652b9c4e3d94a2a43ad1e970ea.1734,U,0,0,0,0
85,000819.8879805fec3a4aff85ea0e5e3072fdff.2315,U,0,0,0,0
86,001400.ec54d28eaaa64b88b728547cb112006b.0114,U,0,0,0,0
87,000560.735b7150b6314ace90906f40902a9134.1517,U,0,0,0,0
88,000135.7d5632eabfc54750aaef3c99bce3dd12.2311,U,0,0,0,0
89,000648.f6b32b76e36142e0850ccd2f35b3d47c.1931,U,0,0,0,0
90,000702.fd53573a0624455ab6551a361cdcecb3.0941,U,0,0,0,0
91,001208.28622c9e155e47c78dc9b3cc55590246.1441,U,0,0,0,0
92,001949.aa1059d9e7f54ec8b01c725ec02dff98.0716,U,0,0,0,0
93,001732.caafd7fd480e473d9b86f4005b416ec5.1331,U,0,0,0,0
94,000785.5569a801bd0f468aa0027e0b2cdfcbe0.0537,U,0,0,0,0
95,001590.c6f0d08d09684169bf1b52f51aafa4f2.1149,U,0,0,0,0
96,000249.6addf8b5d6fc4829b1876114550376ce.1913,U,0,0,0,0
97,000124.59518098dba04f8982129e74e368724a.1733,U,0,0,0,0
98,000706.2c5bf0f5e9314d65bf19cbbf94ecae58.2004,U,0,0,0,0
99,000186.d4687ff496ac4c9a9adb7326259c48a3.1606,U,0,0,0,0
100,001359.5e8c56d29e964c9294d5ee61784d76d1.0834,U,0,0,0,0
101,000568.e5ed4277bffc4b98b1c589d35093236b.2222,U,0,0,0,0
102,000857.182c2b5d4d044cd1ac93362ad4392d68.0230,U,0,0,0,0
103,000919.d9cce8c35ae842e5beb5887020d8b456.1707,U,0,0,0,0
104,000856.2873ccae33b2432aa0e1489dad2a2359.2334,U,0,0,0,0
105,000606.408ee1b543a94be590caf244deb248c1.0417,U,0,0,0,0
106,000620.c43b0b69c0534c808822757e73218909.1242,U,0,0,0,0
107,001061.dcffcb7d1bc04b7aa638d432e1755239.1706,U,0,0,0,0
108,000547.2686f0eadbde477f90df859bff527707.0745,U,0,0,0,0
109,001581.7bcdbe4d29a242b289e3d566c6809b8a.1342,U,0,0,0,0
110,000964.cbb458ef57e74069892b70063cd3c332.0339,U,0,0,0,0
111,001818.f60d304c9df04fc48d1f360ef3fcb35c.1137,U,0,0,0,0
112,000954.a1b1b8691086425395549e1214138cce.0819,U,0,0,0,0
113,000258.9ec2cf998e8942fdbc5f214ff44ec1f8.1236,U,0,0,0,0
114,001890.4dc2bf2582de4b998b5af3e3c9802cfd.0720,U,0,0,0,0
115,001840.2c8a84a02646431490c233fc7de02aea.1135,U,0,0,0,0
116,001384.c2eeb53572a14411b27eb75b4ddf7f74.1233,U,0,0,0,0
117,001603.a40d39b238f7498ea8f1f064bee1513b.1916,U,0,0,0,0
118,000225.d07dfdefa3c14ed69bdd16e98d72d7ca.0427,U,0,0,0,0
119,000500.b8e5dd0c46c540c1b32b8e256bf046cb.1542,U,0,0,0,0
120,001507.1eb692acc08a4b44bbc6eada27e02200.1838,U,0,0,0,0
121,000802.5c7216317e8e48ab8c592b71002c275f.1224,U,0,0,0,0
122,002005.9784b8c45dee4321ad2436fda4bbefba.1525,U,0,0,0,0
123,001930.6b8267f0024d4982a453de700fcbe4e6.0618,U,0,0,0,0
124,000129.26aa5b87df3c40a4b9fe9bf3c8e0a5a3.1318,U,0,0,0,0
125,001778.ccac94eb9ffe4891b39c52c5b59e31a9.0748,U,0,0,0,0
126,000785.b3c34731d49f4e85bb80c2bcf6b49169.1006,U,0,0,0,0
127,001677.1820678c912b4be486da8473fd95f2a6.1418,U,0,0,0,0
128,000492.7022bedb618548a8bb612355d20465e7.1748,U,0,0,1,0
129,000523.0a74eb1504d345548c6e1f7948b9bc97.0240,U,0,0,0,0
130,000415.1022f93a88bf4a95be24f9e48c1174ce.2129,U,0,0,0,0
131,001579.d904e21e6eae48aaaf568ca5469b5b5f.2251,U,0,0,0,0
132,000304.4317e53a29ba4e748f29a4b5606665f7.0313,U,0,0,0,0
133,JORDANFLAMEZ23,U,0,0,0,0
134,Jordan23,U,0,0,0,0
135,aisha,U,0,0,0,0
136,000398.0b487dd6dfd94e18bf632fa82091ef26.0927,U,0,0,1,0
137,sachink,U,0,0,0,0
138,sachinkinh,U,0,0,0,0
139,sachinkin,U,0,0,0,0
140,linxwa23,U,0,0,0,0
141,linxwaa23,U,0,0,0,0
142,002034.cf7ab7c9b50644eb844d56ae03211175.1413,U,0,0,0,0
143,anna,U,0,0,0,0
147,ajay_06f4l8i5c,U,0,0,0,1
148,nikhil,U,0,0,1,4
149,sky143,U,0,0,1,1
150,rajsingh181876,U,0,0,1,1
151,deepanshu_01l0i0c9f,U,0,0,0,0
152,Dev,U,0,0,0,0
153,tusharsoni1205_06l4f0i6c,U,0,0,0,0
154,nisha,U,0,0,0,0
155,Rahul,U,0,0,0,1
156,Prajwal,U,0,0,0,0
157,RAHUL_KINHA,U,0,0,1,0
158,bx4dt2kg7r_05f9l8i9c,U,0,0,0,0
159,Swadhinms,U,0,0,0,0
160,Rk24,U,0,0,0,0
161,vocal_06i7l9c3f,U,0,0,0,0
162,rdzz8b5xdx_06f9c0l8i,U,0,0,0,0
163,kajal,U,0,0,0,0
164,jg6r97svhn_00c7l4f1i,U,0,0,1,0
165,priyanka_07l9i4c7f,U,0,0,0,0
166,ruta.labrence_09f9i4l6c,U,0,0,0,0
167,ashish200_04c1f4l5i,U,0,0,0,0
168,g2c69vw4vh_03l2i3c6f,U,0,0,0,0
169,v9s7xdmw82_07c2l5f4i,U,0,0,0,0
170,suryansh_02i4f6c4l,U,0,0,1,1
171,m4qq6bkj9b_08i8f3c1l,U,0,0,0,0
172,sombir,U,0,0,0,0
173,Umesh,U,0,0,0,0
174,luca_08c6f2i5l,U,0,0,0,0
175,päivö_07f3c6l3i,U,0,0,0,0
176,lisa,U,0,0,0,0
177,poonam_07l0c4f3i,U,0,0,0,0
178,nyrssfbsg2_01f2c8l6i,U,0,0,0,0
179,sachin_05c5l0i4f,U,0,0,1,1
180,abel_01l0i7c9f,U,0,0,0,0
181,jatin.heyall_02l2c6i2f,U,0,0,0,0
182,kaustubh_00f7l1c8i,U,0,0,1,0
183,rohit_07i7c4f6l,U,0,0,1,1
184,elizk,U,0,0,0,0
185,vicky,U,0,0,0,0
186,4qvt86mssj_09c9i6l8f,U,0,0,0,0
187,mridul,U,0,1,8,3
188,bvhhcm6xft_06i7f7c5l,U,0,0,1,0
189,rg4kdtcmv7_06c4l8i2f,U,0,0,0,0
190,nteeple_08f6i0c1l,U,0,0,0,0
191,y77p9t87rq_09f8l6i0c,U,0,0,0,0
192,pooja,U,0,0,2,2
193,6pfpgjn486_02c0f2l3i,U,0,0,0,0
194,python_05i5c2f6l,U,0,0,0,1
195,udit_dev,U,0,0,0,0
196,suresh_02l7c5f3i,U,0,0,0,3
197,rohit_00c5l1i6f,U,0,0,1,3
198,s8tmkb449q_06f5i9c3l,U,0,0,0,0
199,2xjg4k2fz4_07c9i6l4f,U,0,0,0,0
200,abid,U,0,0,0,0
201,nuage_08l6f6i0c,U,0,0,0,0
202,magdapiecyk057_02c1i5f0l,U,0,0,0,0
203,maker,U,0,0,0,0
204,tk88pg796j_06f4c7l0i,U,0,0,0,0
205,2q4szp5nyx_04l3c3i7f,U,0,0,0,2
206,x82jcfhwzx_00l4f0i7c,U,0,0,1,0
207,fv4n7grgqr_09c5i3l4f,U,0,0,3,0
208,6xrb7yn9fy_01i9f6c7l,U,0,0,1,0
210,vvx8b8fgww_03c4l7f5i,U,0,0,0,0
211,gcbtxrxzhf_05c6l9i5f,U,0,0,0,0
212,dbpzxrb2ft_01f5l1i4c,U,0,0,0,0
213,kdq82crxf8_08l8i7f9c,U,0,0,0,0
214,mustansir,U,0,0,0,0
215,y8chygndb9_09l4i8c4f,U,0,0,1,0
216,Prackhar,U,0,0,2,1
217,h7yswq8cnk_03f9l4c1i,U,0,0,0,0
218,f86gp2q8kj_00l2i5c8f,U,0,0,0,0
219,r59b7mh6xh_06c4f3i2l,U,0,0,1,0
220,vxrnkr57kg_06l9c1i0f,U,0,0,0,0
221,w2g5dqhbsn_07l8f6c7i,U,0,0,0,0
222,sqrdkh4d75_05i8l7f9c,U,0,0,1,0
223,2nhd4jykw2_05c9f0l0i,U,0,0,0,0
224,khmhtttgx7_09i8c1l1f,U,0,0,0,0
225,ysc2vmrbrz_04i1l5c4f,U,0,0,0,1
226,wd9f9hqdfn_05l1f6c8i,U,0,0,0,0
227,nmkcf97tg2_02c5l5i4f,U,0,0,0,0
228,ksnwt9t9qm_03c0l3f2i,U,0,0,0,0
229,fvkvmjk426_02f1i4c2l,U,0,0,0,0
230,7fqvbvnqcb_06i9c6l9f,U,0,0,0,0
231,7ntfrgw654_09f7l9c3i,U,0,0,0,0
232,h8j5r6z7wv_00l2f8c1i,U,0,0,0,0
233,rishbh_01f1i5c6l,U,0,0,0,0
234,sandra_08l0f1i2c,U,0,0,0,1
235,wy8npv6k66_09f5c5i5l,U,0,0,0,0
236,qpk99tjwkq_07c9f6i1l,U,0,0,1,0
237,yy7hkz8nyg_00i2f0l3c,U,0,0,0,0
238,pvrz52ny8v_03i6f5l6c,U,0,0,0,0
239,986dmqdh64_05l1c6f0i,U,0,0,0,0
240,dhiksha_29,U,0,0,0,1
241,hd88f4vv9n_09c2l1i8f,U,0,0,0,0
242,sdfmsqj48b_05l0f1c1i,U,0,0,0,0
243,rastogiyash29,U,0,0,0,0
244,krfx2x82dw_00i6c0f1l,U,0,0,0,0
245,yxcc25c47z_07l5c4i9f,U,0,0,0,0
246,t9kthcckt9_02f1i5c1l,U,0,0,0,0
247,cgsg87d8tt_09i5l7c6f,U,0,0,0,0
248,xn9wwp4g8w_04l4i4f1c,U,0,0,1,2
249,qwvnq9ysmc_04c7l4i3f,U,0,0,0,0
250,hdc9zzgtt4_02l5c3i5f,U,0,0,0,0
251,d6m7rhf24h_09i9c0f4l,U,0,0,0,0
252,dtcvj4msd8_04c2l1i5f,U,0,0,0,0
253,54nxbwwpxy_06i5c7l5f,U,0,0,0,0
254,9w5nrwpjx6_01f3l7c9i,U,0,0,0,0
255,hg92r6hgfd_00i0l1f4c,U,0,0,0,0
256,nm4dd7pp7t_09i9l4f6c,U,0,0,1,1
257,wttmfd2fz4_00l1f9c8i,U,0,0,0,0
258,mm7zk98fvd_03i1l8f6c,U,0,0,0,1
259,sf92ppqrtt_05c8i3l1f,U,0,0,0,3
260,t8p248kv6t_02l2c7f6i,U,0,0,5,0
261,g586jz4z4n_06i2l8f7c,U,0,0,0,0
262,t7j5s6jg59_09f1i0l2c,U,0,0,0,0
263,2ppfb4ktsb_03i5l4f7c,U,0,0,0,0
264,thfbtktwkf_06f6c4l7i,U,0,0,0,0
265,tqbhyyqgmd_06f1i0c4l,U,0,0,0,0
266,hamzaj,U,0,0,0,0
267,Edis38,U,0,0,0,0
268,78nsj66c9v_05i3f6l5c,U,0,0,0,0
269,2qgfw8r9cw_03f5l0i1c,U,0,0,0,0
270,yhz9pg2hmb_06l6f8c3i,U,0,0,0,0
271,v87yznbvh5_06l1i9c5f,U,0,0,0,0
272,kaizen,U,0,0,0,0
273,attah786,U,0,0,0,0
274,Denokhan,U,0,0,0,0
275,gz2xyfzfwd_03i4c6l3f,U,0,0,0,0
276,garra100,U,0,0,0,0
277,9tr46b4p7g_08l0c0f1i,U,0,0,0,0
278,bc4xz7fnxt_07f8l8c2i,U,0,0,0,0
279,scs8yqrxyq_08i8f0l0c,U,0,0,0,0
280,6vggc4mbq9_03f2l0i6c,U,0,0,1,2
281,Nimer,U,0,0,0,0
282,tonieyip913,U,0,0,0,0
283,oalanrobert32,U,0,0,0,0
284,Giovarg,U,0,0,0,0
285,kugacdvcm,U,0,0,0,0
286,BeticoDoge,U,0,0,0,0
287,beast89,U,0,0,0,0
288,Proma,U,0,0,0,0
289,rx67j9r86b_06f4i7c6l,U,0,0,0,0
290,d4vbzx5xfg_01l4i4f8c,U,0,0,0,0
291,Hayu,U,0,0,0,0
292,xrktpwkym7_03c5f4l8i,U,0,0,0,0
293,jenda7,U,0,0,0,0
295,q9kbqfvkbq_02i1l1f4c,U,0,0,0,0
296,Ramzan,U,0,0,0,0
297,kumar,U,0,0,0,0
298,tgabriel,U,0,0,0,0
299,diassis02,U,0,0,0,0
300,m123,U,0,0,0,0
301,tcfhc7q2dn_05i7l5c7f,U,0,0,0,0
302,Mamede,U,0,0,0,0
303,krissland,U,0,0,0,0
304,y4s4fpgv4b_08c8i6f1l,U,0,0,4,2
305,nwqzwppcqv_01l1c2f3i,U,0,0,0,0
306,jjfh49qs8q_05i2f7l8c,U,0,0,0,0
307,ouais,U,0,0,0,0
308,Dan0315,U,0,0,0,0
309,lengochuynh,U,0,0,0,0
310,8z7xyd4zcz_02i9c1f4l,U,0,0,0,0
311,omoregie,U,0,0,0,0
312,omoregietd,U,0,0,0,0
313,Pann,U,0,0,0,0
314,Donvictor,U,0,0,0,0
315,deeptok1,U,0,0,0,0
316,Hotsun79,U,0,0,0,1
317,82cz9wccs2_07f7l8c3i,U,0,0,0,0
318,Andrej,U,0,0,0,0
319,lumir,U,0,0,0,0
320,jyjp4p9wp4_09i7c6f9l,U,0,0,0,0
321,collins356,U,0,0,0,0
322,U1236,U,0,0,0,1
323,TMAMETH,U,0,0,0,0
324,Jorge,U,0,0,0,0
325,Alexsis55,U,0,0,0,0
326,ATMLAN,U,0,0,0,0
327,4qpwhm4kbt_02l4c0f7i,U,0,0,0,1
328,qvknwfrh6b_08c1i7l7f,U,0,0,0,0
329,koko,U,0,0,0,0
330,Nugraha,U,0,0,0,0
331,Logan,U,0,0,0,0
332,bymmbp79j5_09c1l2f8i,U,0,0,0,0
333,jvbz9xn2d5_06c3i9f0l,U,0,0,3,0
334,mhqh8cq47t_04i4f4l1c,U,0,0,0,1
335,frdqrsbpw5_02i6f4c6l,U,0,0,0,0
336,maeler,U,0,0,0,0
337,kyxxjszkwv_01i1l9c1f,U,0,0,0,0
338,cj5825yndb_02i4c0f7l,U,0,0,4,0
339,zgnry2mxd7_03f1l2i9c,U,0,0,0,0
340,rafikanwal1,U,0,0,0,0
341,divyanshu_08l6f0i9c,U,0,0,0,0
342,john_06c8l5f2i,U,0,0,0,0
343,asjad_06i2f5c6l,U,0,0,0,0
344,ramesh_03c4i1f7l,U,0,0,0,0
345,shashwat_06f1l5c7i,U,0,0,0,0
346,nicksuper233,U,0,0,0,0
347,spammer,U,0,0,0,0
348,chandra_04c7i6l7f,U,0,0,0,1
349,spammer350,U,0,0,0,0
350,prnv_04f6l4i4c,U,0,0,0,0
351,dhruv,U,0,0,0,0
352,money_09f1i8c5l,U,0,0,0,0
353,nishanth_04l5c8i1f,U,0,0,0,0
355,shivam_05c2i5f0l,U,0,0,0,0
356,aniket_00c2i9f6l,U,0,0,0,0
357,neeraj_00l8c0f3i,U,0,0,0,0
358,gopi77,U,0,0,0,0
359,rabi,U,0,0,0,0
360,yogesh_05c3l0i5f,U,0,0,0,0
361,Test1,U,0,0,0,0
362,hello,U,0,0,0,0
363,sheshipreetham_05l4c9f9i,U,0,0,0,0
364,rajankit,U,0,0,0,0
365,anuj_03f2i6c0l,U,0,0,0,0
366,sarita_00i7c9f7l,U,0,0,0,0
367,xyx,U,0,0,0,0
368,ajay_09l9f7c3i,U,0,0,0,1
369,harshsingh,U,0,0,0,0
370,harshsingh67,U,0,0,0,0
371,subroto_02c9l8f3i,U,0,0,0,1
372,eyekiller_06f4c7i3l,U,0,0,0,0
373,nidhi_08i2l5f9c,U,0,0,0,0
374,ayush_04i2c8f1l,U,0,0,0,0
375,howthetop,U,0,0,0,0
376,ujjawal_06f7l1i8c,U,0,0,0,0
377,rutzz,U,0,0,0,0
378,killer_05c2l8f3i,U,0,0,0,0
379,john_05f7i5l8c,U,0,0,0,0
380,sahilbh996,U,0,0,0,0
381,abcd,U,0,0,0,0
382,pancho,U,0,0,0,0
383,afro123,U,0,0,0,0
384,crazyboy_00f1l9i5c,U,0,0,0,1
385,jiya_02c3l3f4i,U,0,0,0,0
386,t88rx8n8yk_00c8l0f7i,U,0,0,0,0
387,sharib,U,0,0,0,0
388,john_04f5c8l5i,U,0,0,0,0
389,prince_06l3c9i8f,U,0,0,0,0
390,ravideep_03i4f2c7l,U,0,0,0,0
391,ra_04i5f4c7l,U,0,0,0,0
392,nisha_07c1f5i9l,U,0,0,0,1
393,s92cj7ktbp_00f0l3i9c,U,0,0,0,0
394,nityam_05l6c7i1f,U,0,0,0,0
395,bb6mktxssn_09c8f1i9l,U,0,0,0,0
396,dhruv_01i7l9f0c,U,0,0,0,0
397,shubh_04f6i8l6c,U,0,0,0,1
398,rudra_08c2f5l9i,U,0,0,0,1
399,k_01l3f7c3i,U,0,0,0,0
400,Krishna,U,0,0,0,0
401,mojito_09i6l1f3c,U,0,0,0,0
402,morte,U,0,0,0,0
403,rakeshyadav,U,0,0,0,0
404,adi_18,U,0,0,1,2
405,Yashu,U,0,0,0,0
406,sanjeet_03i9l6c7f,U,0,0,0,0
407,codingcafe,U,0,0,0,0
408,nitank_00f8i8c4l,U,0,0,0,0
409,smileeh7,U,0,0,0,0
410,TheImperialOne,U,0,0,0,0
411,sumit_06i5f8l0c,U,0,0,0,0
412,ishita_00i6l5f9c,U,0,0,0,0
413,mohammed_08c9f5i7l,U,0,0,0,0
414,sagar_01f5l6c6i,U,0,0,0,0
415,krish_09f8l3c5i,U,0,0,0,0
416,onkar,U,0,0,0,1
417,prakul_03l6f9i9c,U,0,0,0,0
418,muhammad_02l1c1i8f,U,0,0,0,0
419,shish_04f8c5l7i,U,0,0,0,0
420,athif_06i9f3l2c,U,0,0,0,0
421,ajay_01c7f0l4i,U,0,0,0,0
422,mark,U,0,0,0,0
423,gozali,U,0,0,0,0
424,mmmm,U,0,0,0,0
425,mmmmm,U,0,0,0,0
426,lakshya_01l8c0i4f,U,0,0,0,0
428,atul_05i6l7c3f,U,0,0,0,0
429,shekhar,U,0,0,0,1
430,jp8mdbhwq7_04i1f6l5c,U,0,0,0,0
431,taurusaman,U,0,0,0,0
432,test4test,U,0,0,0,1
433,shubhangi_04c2l7f7i,U,0,0,0,0
434,gopal_03i5f8c6l,U,0,0,0,0
435,sahil_01i6f0l9c,U,0,0,0,0
436,gopal,U,0,0,0,0
437,abhishek_04c8f1l0i,U,0,0,0,0
438,testi,U,0,0,0,1
439,shubhang_05i0f8l5c,U,0,0,0,0
440,t6xhhtdptn_06c1i2f5l,U,0,0,0,0
441,mohamed_02f3l7c0i,U,0,0,0,0
442,tfmhjxkd5y_01c2l0i2f,U,0,0,2,0
443,yas_09l5i7c4f,U,0,0,0,0
444,saurabh_06i3f3c5l,U,0,0,0,0
445,shreshtha_06c0f7i2l,U,0,0,0,0
446,ajay_05i5f2l8c,U,0,0,0,0
447,ghost123,U,0,0,0,0
448,ankit,U,0,0,0,0
449,nickfisher,U,0,0,0,0
451,sudhir_04f9l7c4i,U,0,0,0,0
452,igor10,U,0,0,0,0
453,subroto_2c3g6l,U,0,0,0,1
454,mannai_01f6i8l9c,U,0,0,0,1
455,test001,U,0,0,0,1
456,test002,U,0,0,0,1
457,9c5wcn59b6_05i0f3c7l,U,0,0,2,1
458,chendinghui,U,0,0,10,0
459,niko,U,0,0,0,0
460,biswariadi,U,0,0,0,0
461,biswariguptaadi,U,0,0,0,0
462,w7mv5yyvhy_04i3c5l6f,U,0,0,0,0
463,Eydrian,U,0,0,0,0
464,q4g46v6sfq_00f6c7l7i,U,0,0,0,0
465,harshal_08i9f9c9l,U,0,0,0,0
466,Sharibb,U,0,0,0,0
468,Tanisha,U,0,0,0,0
469,anurag_07f1c2l9i,U,0,0,0,0
470,RanaKim,U,0,0,0,0
471,saksham_06i1c3f7l,U,0,0,0,0
472,aditya_05f9i7c1l,U,0,0,0,0
473,good2,U,0,0,0,0
474,black_07i9f0c9l,U,0,0,0,0
475,sachin_03f2c9l3i,U,0,0,0,0
476,warrior_00c7l1f3i,U,0,0,0,0
477,kushalasho,U,0,0,0,0
478,dixita_01c7i1f5l,U,0,0,0,0
479,raj_02i5l1c3f,U,0,0,0,0
480,abhinav_06i2l1c9f,U,0,0,0,0
481,hari_06c0f3i2l,U,0,0,0,0
482,raj_03i0f2l1c,U,0,0,0,0
483,afro15,U,0,0,0,0
484,himanishm25,U,0,0,0,0
485,srujan_09f9c1l7i,U,0,0,0,0
486,anikettcodes,U,0,0,0,0
487,Mahaveer,U,0,0,0,0
488,ps29,U,0,0,0,0
489,ritik_07l6c3i8f,U,0,0,0,0
490,non,U,0,0,0,0
491,Hakim532,U,0,0,0,0
492,ahammed_01c0i8f5l,U,0,0,0,0
493,lody20,U,0,0,0,0
494,temp_05l0f5i5c,U,0,0,0,2
495,parth_02i1c4f4l,U,0,0,0,0
496,Memo,U,0,0,0,0
497,iniyavan_08l4f7c6i,U,0,0,0,0
498,speedo_02l7c0f1i,U,0,0,0,0
499,sanskar_01l3f3i0c,U,0,0,0,0
500,Kushalasodia09,U,0,0,0,0
501,Krishnahh,U,0,0,0,0
502,mannaiomar,U,0,0,0,0
503,sumitThisSide,U,0,0,0,0
504,tulio,U,0,0,0,0
505,Hwilly7,U,0,0,0,0
506,dhruv__,U,0,0,0,1
507,krishna_05f6c1l0i,U,0,0,0,0
508,bewin_02c7i8l7f,U,0,0,0,0
509,edward_09l1i3f9c,U,0,0,0,0
510,mannai,U,0,0,0,0
511,arya_03f4l7i9c,U,0,0,0,0
512,riya,U,0,0,0,0
513,Hellouser,U,0,0,0,0
514,marcioamerico,U,0,0,0,0
515,newuser,U,0,0,0,0
516,divyesh_09l9f6i3c,U,0,0,0,0
517,tushar_07f8c5l3i,U,0,0,0,0
518,KrishnaRajkumar,U,0,0,0,1
519,nyvcg42yhg_06i1c7f8l,U,0,0,1,0
520,tw8mfvcpc2_05l8i6c5f,U,0,0,0,0
521,tester,U,0,0,0,0
522,darpan2004,U,0,0,0,0
523,Test_one,U,0,0,0,0
524,zoro,U,0,0,0,0
525,zoroo,U,0,0,0,0
526,Hirvaasho,U,0,0,0,0
527,kishor_23,U,0,0,0,0
528,Hola,U,0,0,0,0
529,kkkkk,U,0,0,0,0
530,yash_07i4l5c1f,U,0,0,0,0
531,8snhkmkpkt_03c0i7f6l,U,0,0,1,0
532,Donvictoo,U,0,0,0,0
533,Nami,U,0,0,0,0
534,ujjal_02f0c5l5i,U,0,0,0,0
535,mansi_09f1i8c7l,U,0,0,0,0
536,Hoho,U,0,0,0,0
537,Hehe,U,0,0,0,0
538,அ_04c8i8l7f,U,0,0,0,0
539,Hihi,U,0,0,0,0
540,sandaparthy_08i3c0l8f,U,0,0,0,0
541,Hphp,U,0,0,0,0
542,shri_08i7f8c2l,U,0,0,0,0
543,dominador69,U,0,0,0,0
544,Hkhk,U,0,0,0,0
545,khkt47tfxc_07l3i4c6f,U,0,0,0,0
546,Kush07,U,0,0,0,0
547,aditya,U,0,0,0,0
548,aryan_05c2f6l7i,U,0,0,0,1
549,teewrath_123456,U,0,0,0,1
550,khan43rk,U,0,0,6,0
551,user,U,0,0,0,0
552,testapplicant,U,0,0,0,0
553,niraj_02l5f4i1c,U,0,0,0,0
554,satyam_09c5i2f1l,U,0,0,0,0
555,Hjhj,U,0,0,0,0
556,himesh_04l8c8i7f,U,0,0,0,0
557,zorroxo,U,0,0,0,0
558,nandanmagdum,U,0,0,0,0
559,zorroxooo,U,0,0,0,0
560,jv2mg7y6vd_08l0f5c2i,U,0,0,1,0
561,ujjawalsingh045,U,0,0,0,0
562,Asas,U,0,0,0,0
563,tester2,U,0,0,0,0
564,HimanshuSinghBora,U,0,0,0,0
565,govind_00c2i3l8f,U,0,0,0,0
566,lucky029,U,0,0,0,1
567,hemu,U,0,0,0,0
568,mahidhar_07l9f9c5i,U,0,0,0,0
569,jyoti_07l5c8i5f,U,0,0,0,0
570,himanshubora74gmail,U,0,0,0,0
571,every_06i6l1f8c,U,0,0,0,0
572,rama_03l2c3f6i,U,0,0,0,2
573,srishti,U,0,0,0,0
574,HomAy62,U,0,0,0,0
575,kelokelo,U,0,0,0,0
576,dsingh,U,0,0,0,0
577,hellhole,U,0,0,0,0
578,manish_02c2f6i2l,U,0,0,0,0
579,prabhu_01c1f0l8i,U,0,0,0,0
580,5v2479cfvn_09f4l4i4c,U,0,0,0,0
581,sahilbh123,U,0,0,0,0
582,Lucky_930,U,0,0,0,0
583,ansari,U,0,0,0,0
584,zoya,U,0,0,0,0
585,anup_05f8l3i0c,U,0,0,0,0
586,zebjhui,U,0,0,0,2
587,test2,U,0,0,0,0
588,kushagra_05f6l1i8c,U,0,0,0,0
589,Schelo,U,0,0,0,0
590,yangyangl,U,0,0,0,0
591,anupam1897,U,0,0,0,0
592,bharath_07f6l9c7i,U,0,0,0,0
593,sabah,U,0,0,0,0
594,hero,U,0,0,0,0
595,bongbanerjee_123456,U,0,0,0,0
596,iniyavan_04c1i8f8l,U,0,0,0,0
597,iniyavan_01l6i5f3c,U,0,0,0,0
598,Onkar1234,U,0,0,0,1
599,Test369,U,0,0,0,0
600,2ydxd4x9sr_02c7f6l0i,U,0,0,0,0
601,chipichipi,U,0,0,0,1
602,obynomee,U,0,0,0,0
603,x_ashh__00l8f4c7i,U,0,0,0,0
604,test567,U,0,0,0,3
605,kachua,U,0,0,0,1
606,delulu,U,0,0,0,0
607,del,U,0,0,0,1
608,897tgb6bjz_02c9i1f8l,U,0,0,0,0
609,Dikii,U,0,0,9,0
610,ml1234,U,0,0,0,0
611,mhkk,U,0,0,0,0
612,xworld2024,U,0,0,0,0
613,kilo,U,0,0,0,0
614,jatin,U,0,0,0,0
615,demo,U,0,0,0,0
616,g49g2658cb_00c1f9i1l,U,0,0,0,0
617,pzwbfwtkd8_07c7i0f9l,U,0,0,0,0
618,longfeiwow,U,0,0,0,0
619,auliainsan,U,0,0,0,0
620,fossclub,U,0,0,0,0
621,_ektapandey,U,0,0,0,0
622,ekta_06i0f1c2l,U,0,0,0,0
623,Eric,U,0,0,0,0
624,q2bf4f486n_07i4f1c5l,U,0,0,0,0
625,sanju,U,0,0,0,0
626,raunak_07f4l9c2i,U,0,0,0,0
627,devil_02l9c7i0f,U,0,0,0,0
628,asdf,U,0,0,0,0
629,dev_04l7f5i9c,U,0,0,0,0
630,omorfuz,U,0,0,0,0
631,Onkar12345,U,0,0,0,0
632,New1234,U,0,0,0,0
633,New12345,U,0,0,0,0
634,New123456,U,0,0,0,0
635,ac77904,U,0,0,0,0
636,bz64tjkrpg_06c8l8i7f,U,0,0,0,0
637,piyush_02f6l0i3c,U,0,0,0,0
638,usmna4040,U,0,0,0,0
639,sahil_03f4l2c3i,U,0,0,0,0
640,sandy,U,0,0,0,0
641,himanish,U,0,0,0,0
642,himanishm,U,0,0,0,0
643,aniket123,U,0,0,0,0
644,test678,U,0,0,0,0
645,test6789,U,0,0,0,0
646,test456,U,0,0,0,0
647,dixfobby_05c8f2l6i,U,0,0,0,0
648,test45,U,0,0,0,0
649,test451,U,0,0,0,0
650,zdzhcgf4hx_07f3l4c3i,U,0,0,0,0
651,manish12,U,0,0,0,0
652,Hackermalware999,U,0,0,0,0
653,killergtg,U,0,0,0,0
654,prodeppal21,U,0,0,0,0
655,kat777,U,0,0,0,0
656,lordofficial,U,0,0,0,0
657,rimosa18,U,0,0,0,0
658,soncuyi,U,0,0,0,0
659,dona,U,0,0,0,0
660,ghost13,U,0,0,0,0
661,picomax,U,0,0,0,0
662,hellowordl,U,0,0,0,0
663,nrhrpqrj8p_07l9f8i3c,U,0,0,0,0
664,snehdeep_04f8i4c4l,U,0,0,0,0
665,himanish25,U,0,0,0,0
666,tesla,U,0,0,0,0
667,sahil_chahal,U,0,0,0,0
668,pejn22,U,0,0,0,0
669,5snqw7c7nd_08i4l3c5f,U,0,0,0,0
671,tp1234,U,0,0,0,0
672,talipugur,U,0,0,0,0
673,Oktaj,U,0,0,0,0
674,katyanka,U,0,0,0,0
675,p5nmx8j2kd_08l2c2f5i,U,0,0,0,0
676,axn,U,0,0,0,0
677,ybm5zdxsk4_04i9f2c5l,U,0,0,0,0
678,sunil_04c6f2i7l,U,0,0,0,1
679,unknown,U,0,0,0,0
680,Joel,U,0,0,0,0
681,ankitraj,U,0,0,0,0
682,gdgshw,U,0,0,0,0
683,ypwtmtyzzh_04l5c5f6i,U,0,0,0,0
684,qwerty,U,0,0,0,0
685,paramjeet_02i1c5l2f,U,0,0,0,0
686,mohit_04i2c7f2l,U,0,0,0,0
687,vishnumurthy,U,0,0,0,0
688,abhijeet_01c7l5f0i,U,0,0,0,0
689,crypto_08f4c5i4l,U,0,0,0,0
690,mbfbt9pd7r_03f4c2l4i,U,0,0,0,0
691,Ganew22,U,0,0,0,0
692,Danard,U,0,0,0,0
693,arivgups_09l9c2i4f,U,0,0,0,0
694,aditya_05f9i7c1ldd,U,0,0,0,0
695,gabriel_09l6f0i5c,U,0,0,0,0
696,d9nw9wvwxk_01c7i9f5l,U,0,0,0,0
697,snz,U,0,0,0,0
698,harshsinghh,U,0,0,0,0
699,xujun,U,0,0,0,0
700,desmond,U,0,0,0,0
701,qwe,U,0,0,0,0
702,ypk4my5sq9_01l1c4i8f,U,0,0,0,0
703,gami,U,0,0,0,0
704,nirdesh_09i8c0f8l,U,0,0,0,0
705,egop1998,U,0,0,0,0
706,mangnans,U,0,0,0,0
707,Boutga,U,0,0,0,0
708,Boutga1,U,0,0,0,0
709,qweewq,U,0,0,0,1
710,Brenolinz,U,0,0,0,0
711,f76tdzk2zv_00c2i2f4l,U,0,0,0,0
712,Shunbtc,U,0,0,0,0
713,Samir77,U,0,0,0,0
714,vygpgkcg6n_08c2f9i8l,U,0,0,0,0
715,diegom9,U,0,0,0,0
716,Abdoul,U,0,0,0,0
717,Vikay1,U,0,0,0,0
718,ckcn6bf228_03c5f1l3i,U,0,0,0,0
719,Andy00,U,0,0,0,0
720,marufboss,U,0,0,0,0
721,Serpientedeleden,U,0,0,0,0
722,ethan148h,U,0,0,0,0
723,sami,U,0,0,0,0
724,Fern240,U,0,0,0,0
725,xgdz2yhtnb_03c5i9l5f,U,0,0,0,0
726,fby4hrmw75_09i4l4c4f,U,0,0,3,0
727,hdh24kjgy4_05f3c9i8l,U,0,0,0,0
728,4bp9jpsjdc_09f5i2l1c,U,0,0,0,0
729,ibrahim20,U,0,0,0,0
730,ybctjr2q9r_01l6i9f7c,U,0,1,0,2
731,sq7dkgywcb_06f8i5c3l,U,0,0,1,0
732,Ruchi,U,0,0,1,3
733,Francimary,U,0,0,0,0
734,j54ksbnpbd_05c8f7l3i,U,0,0,0,0
735,zt95pf2r5v_01i6l0c6f,U,0,0,0,0
736,nbrzwznjgz_09f1i4c5l,U,0,0,0,0
737,test,U,0,0,0,0
738,d7q69hjr7y_05c8l3i5f,U,0,0,0,0
739,bzfrfqqxbf_04l9f0i3c,U,0,0,0,0
740,laszlo01,U,0,0,0,0
741,Fikiaang94,U,0,0,0,0
742,Ziaul9553,U,0,0,0,0
743,Esoteriq,U,0,0,0,0
744,vigo12282,U,0,0,0,0
745,Daro,U,0,0,0,0
746,ozoz1,U,0,0,0,0
747,whlghw,U,0,0,0,0
748,17843603361,U,0,0,0,0
749,MalikZubair,U,0,0,0,0
750,ckkn8999,U,0,0,0,0
751,tazatzavip,U,0,0,0,0
752,Ragnar9433,U,0,0,0,0
753,ViktorBal,U,0,0,0,1
754,kingsalem,U,0,0,0,0
755,oge,U,0,0,0,0
756,noelbkl,U,0,0,0,0
757,Ahonye,U,0,0,1,1
758,sidsgolb,U,0,0,0,1
759,beniko,U,0,0,20,1
760,sampath99,U,0,0,0,0
761,sampath9,U,0,0,0,1
762,t8nb4ws6m7_03c9i4f0l,U,0,0,0,0
763,lprodrigues,U,0,0,0,0
764,adonesir2,U,0,0,0,1
765,Atherwolf,U,0,0,0,0
766,Nanangb,U,0,0,0,0
767,Magdalena,U,0,0,0,0
768,qwwjywrxgw_06c0i4l0f,U,0,0,0,0
769,ailleen,U,0,0,0,0
770,kqp9xd969d_03l3c6i7f,U,0,0,1,1
771,vmykqrtjpt_09l6f6i7c,U,0,0,1,0
772,Cjunior08,U,0,0,0,0
773,inis,U,0,0,0,0
774,Karen4ik,U,0,0,0,0
775,q9kq2k2wc7_01l6c8i7f,U,0,0,1,0
776,suryansh29,U,0,0,0,0
777,ijayudota,U,0,0,0,0
778,Tri012,U,0,0,0,0
779,xk2qmzchym_09i2l8c7f,U,0,0,0,1
780,re3a,U,0,0,0,0
781,Proma0162,U,0,0,0,1
782,alane,U,0,0,0,0
783,7v9ygds4cq_07l0i4c3f,U,0,0,0,1
784,Cihat,U,0,0,0,0
785,xjxrvybyym_00i1l7c9f,U,0,0,0,0
787,g55cyzn2cy_06i0c5l7f,U,0,0,0,0
788,chww57nsdb_05i9l4f2c,U,0,0,0,1
789,nc7yggr62q_01f6c9l4i,U,0,0,0,1
790,jgghd6kvgx_07c9f0i9l,U,0,0,0,1
791,8rg4cxwnpq_07c6i6f1l,U,0,0,1,0
792,kokonaing,U,0,0,0,0
793,fany,U,0,0,0,0
794,Mdrasem100,U,0,0,0,0
795,ctnstvg9gp_06l1i6f4c,U,0,0,1,0
796,Bibas001,U,0,0,0,0
797,legionariobr,U,0,0,0,0
798,rcxmqnwgwv_03c2l4f7i,U,0,0,0,0
799,atahilaye,U,0,0,0,0
800,bah,U,0,0,0,0
801,p9qyfvvz2b_08i0l7c9f,U,0,0,0,0
802,dqgq2hnnrb_00c4l2i7f,U,0,0,0,0
803,maryuris_08f5l0i1c,U,0,0,0,0
804,sgcdvjvqd4_06c1l4i2f,U,0,0,0,0
805,kjy8frhg6t_08f2l3c8i,U,0,0,0,0
806,2qxkmcfcf8_05i1f7l8c,U,0,0,0,0
807,zfrhbq9r2d_05f4c7i1l,U,0,0,0,0
808,sakthi,U,0,0,0,0
809,Virtualbags247,U,0,0,0,0
810,djeniffer,U,0,0,0,0
811,xnpkyx6frj_01c8l9i6f,U,0,0,0,0
812,gnkjj75j8p_01i0l8f9c,U,0,0,1,0
813,ahamadououmar,U,0,0,0,0
814,JoserasR85,U,0,0,0,0
815,DavidCristone,U,0,0,0,0
816,aldisinih,U,0,0,0,0
817,Jastine,U,0,0,0,0
818,dawiztoken7,U,0,0,0,0
819,ykb4rsdf7d_07l6c7i4f,U,0,0,0,0
820,nisika,U,0,0,0,0
821,fw965r82fc_01i0l1c0f,U,0,0,0,0
822,w2yv9c4t6q_08c4l6i2f,U,0,0,0,0
823,m2bk6t6hhf_01c2f3l5i,U,0,0,0,0
824,junaid6778,U,0,0,0,0
825,codetsimon,U,0,0,0,0
826,fvkktard,U,0,0,0,0
827,Andy,U,0,0,0,0
828,skd9zscrkr_08l6c9i1f,U,0,0,1,0
829,maiami888,U,0,0,0,0
830,djg2wkrzzn_02i0l8f0c,U,0,0,0,0
831,nikesh_00l4c3f8i,U,0,0,0,1
832,k2npnj9bvm_00i7c4f1l,U,0,0,0,0
833,8554,U,0,0,0,0
834,ndbdndhdj,U,0,0,0,0
835,King89,U,0,0,0,0
836,Benjilamotte,U,0,0,0,0
837,ibrahim,U,0,0,0,0
838,Topalosman,U,0,0,0,0
839,dewanata,U,0,0,0,0
840,cdnxkhzz5v_06c4l1i4f,U,0,0,0,0
841,zwtj57jgd5_03i5c1l3f,U,0,0,0,0
842,qbt4pqmfvy_05i1f3l4c,U,0,0,0,0
843,Davide8666,U,0,0,0,1
844,maxxer,U,0,0,0,0
845,v5wp8bb554_06i4f3l5c,U,0,0,0,0
846,baby23,U,0,0,0,0
847,8mvc4qkppm_02l8c6i7f,U,0,0,0,0
848,RCKAYSER,U,0,0,0,0
850,dd5thdg89c_03i3f2l9c,U,0,0,0,0
851,utkarsh_7905,U,0,0,0,1
852,87gh42bmvg_06f9i4l9c,U,0,0,0,0
853,Vytautas,U,0,0,0,0
855,fofo7298,U,0,0,0,0
856,sandy25,U,0,0,0,0
857,ouwentao123_03l4i3f9c,U,0,0,0,0
858,mentalhealth11,U,0,0,0,0
859,scq2cb9yy5_09l8f5i7c,U,0,0,0,0
860,2r6m2grxsy_09l6c6f6i,U,0,0,0,0
861,blockchainxmarkets,U,0,0,0,0
862,afzalkhan123,U,0,0,0,0
863,cupu,U,0,0,0,0
864,k7tdqgjdhv_09l4c9f3i,U,0,0,0,0
865,swapnilsharma_08c4f2i8l,U,0,0,0,0
866,ss8wwpjmrb_05c2f5i0l,U,0,0,3,1
867,nxmxhwh2pw_01i1l6f0c,U,0,0,4,1
868,vg4c7chw8n_09f4c1i4l,U,0,0,1,0
869,jk786786,U,0,0,0,0
870,cdzan87,U,0,0,0,0
871,Aivars24,U,0,0,0,0
872,bmw,U,0,0,0,0
873,hh8nthqqkf_04f6c2i7l,U,0,0,0,0
875,Eduard1,U,0,0,0,0
876,aldrey,U,0,0,0,0
877,Yusuf2811,U,0,0,0,0
878,2nbfph2txr_02i9l2c6f,U,0,0,1,0
879,nihal,U,0,0,0,0
880,keru,U,0,0,0,0
881,Jcic69C,U,0,0,0,0
882,CryptOmineR,U,0,0,0,0
883,Z10000,U,0,0,0,0
884,EskaVentures,U,0,0,0,0
885,Aziz,U,0,0,0,0
886,Apollow,U,0,0,0,0
887,RanaIslam1234,U,0,0,0,0
888,kjkxhvcf6r_06l2c3i6f,U,0,0,0,0
889,7hgkntz7px_00c2f9i5l,U,0,0,1,0
890,Roben,U,0,0,0,0
891,jannat123,U,0,0,0,0
892,rengoku,U,0,0,0,0
893,junaidaslam,U,0,0,0,0
894,matjunaid3132,U,0,0,0,0
895,emmm,U,0,0,0,0
896,v6479wns5f_05i6c6f7l,U,0,0,0,0
897,CeeCeesoftball17,U,0,0,0,0
898,v6qjy726b6_06f2c8i4l,U,0,0,0,0
899,afreen_07l2f8c3i,U,0,0,0,0
900,j47qtvsshz_01c2f7l1i,U,0,0,0,0
901,x2pgwwshqv_05i6f1c7l,U,0,0,0,0
902,rmtbknpr4b_00f8i1l4c,U,0,0,0,0
903,bmw10,U,0,0,0,0
904,bsoheyb338_02l7i7c9f,U,0,0,1,1
905,yaniamichi,U,0,0,0,0
906,junaidaslamja3509,U,0,0,0,0
907,mjunaid1234,U,0,0,0,0
908,daksh_bhardwaj,U,0,1,4,2
909,pjnrmh9k4f_07f7c0l6i,U,0,0,2,0
910,viktor123,U,0,0,0,0
911,jtgm57gfnb_09l1i9c3f,U,0,0,0,0
912,tmckira,U,0,0,0,0
914,f9vcscfwrr_00l3i6f2c,U,0,0,0,0
915,9f6xdvghsc_06c8i5f4l,U,0,0,0,0
916,pq9mbc9h66_00l0f5c9i,U,0,0,0,0
917,wx9whqhvm5_05l7c1f3i,U,0,0,0,0
918,jyntm7n5h4_09i4l3c7f,U,0,0,0,0
919,john123,U,0,0,0,0
920,p7xfh6hfhb_02f1c3l7i,U,0,0,0,0
921,gtogame,U,0,0,0,0
922,homegto,U,0,0,0,0
923,kokoko,U,0,0,0,0
924,lololo,U,0,0,0,0
925,Jeremiah,U,0,0,0,0
926,nd9djv6w66_00f9c6i4l,U,0,0,0,0
927,sanjana_yadav_1409,U,0,0,0,4
928,v7f8crm48n_09f4i5c9l,U,0,0,0,0
929,pstfm7dgtz_04f5c4l9i,U,0,0,0,0
930,Swati,U,0,0,0,0
931,Hijunaidaslam,U,0,0,0,0
932,p9y4hw78kp_02f6l0i7c,U,0,0,0,0
933,xprbcghkhy_03l2c6i5f,U,0,0,1,0
934,h8jnh284hw_02c8i6f3l,U,0,0,0,0
935,nvpgzjvdmk_07i4l0c3f,U,0,0,0,0
936,vanced_04c9i4l5f,U,0,0,0,0
937,kbhlb,U,0,0,0,0
938,dqbgmg8p95_03f5l7c2i,U,0,0,0,0
939,7sb695rvr2_04c1f2i2l,U,0,0,0,0
940,gnhy45x9rg_00l7i2f6c,U,0,0,1,0
941,MarcoAhmed,U,0,0,0,0
943,cfzy,U,0,0,0,0
944,mvrrfr76hz_08c8i6f9l,U,0,0,0,0
945,x4n6x7z2ty_02i4c2f6l,U,0,0,0,0
946,Jerrylopezgives,U,0,0,0,3
947,g592fmyt7k_00i5c0l8f,U,0,0,0,0
948,rtjkxkgsmj_04f2i3l4c,U,0,0,0,0
949,raosachin,U,0,0,0,0
950,qg8z4q4m7w_05c6l7f6i,U,0,0,0,0
951,rmg5wgdvhr_07i3f2l0c,U,0,0,0,0
952,Junaid95,U,0,0,0,0
953,mohamedmostafffa_07i8f5l1c,U,0,1,0,1
954,wczh5s2rnw_09f7i2l1c,U,0,0,0,3
955,epulier_09f7l5i5c,U,0,0,0,1
956,candy_pop_04,U,0,0,0,0
957,bgqkb44cgk_04f5c6l1i,U,0,0,0,0
958,master145,U,0,0,0,0
959,neha_07f5l9c7i,U,0,0,0,0
960,rakesh_00c3i4l9f,U,0,0,0,0
961,sidharth_08l6f9i5c,U,0,0,0,0
962,jswrxmj6pm_00f8i7l8c,U,0,0,0,0
963,n6qvzvn7qq_07c5l2f8i,U,0,0,0,0
964,RohitKamble2233,U,0,0,0,0
965,www.vickysarkar77_09l3i5f0c,U,0,0,0,0
966,asha_07l0c2i7f,U,0,0,0,0
967,sidequest,U,0,0,0,0
968,pxnm5nzdrn_08c6i5f0l,U,0,0,0,0
969,6wj8txxz22_03i8l1c5f,U,0,0,0,0
970,mithilesh_04i9c2f0l,U,0,0,0,1
971,naina321,U,0,0,0,0
972,8ksg55gwyp_02f5i9c8l,U,0,0,0,0
973,4cj96fxzd9_09l2f5c3i,U,0,0,0,0
974,jas_09c9i3l1f,U,0,0,1,1
975,dmpygn2297_02i9f4c8l,U,0,0,0,0
976,88hcht5v7n_07i6c8l9f,U,0,0,1,0
977,little_06i7f5c9l,U,0,0,1,0
978,26rtkb9qq6_06i7c1f0l,U,0,0,1,0
979,shubham_09i7c8l7f,U,0,0,0,0
980,Ivan,U,0,0,0,1
982,nidhi,A,0,0,1,1
983,8vmxhgpmhq_07f9l7i8c,U,0,0,1,1
984,linglong,U,0,0,0,0
985,test3,U,0,0,0,1
986,nuage_08c3i7l7f,U,0,0,8,0
987,8vywqsfchn_01i0f1c5l,U,0,0,0,0
988,Coolgojo125,U,0,0,0,0
989,qtz89brzvp_06i9c0l3f,U,0,0,0,0
990,hybx7cfkcg_04f7i8l6c,U,0,0,0,0
991,67rvbcgfbj_09f0l9i9c,U,0,0,0,0
992,s6dtjtjngf_07l9c5i3f,U,0,0,0,0
993,587dhr69r9_07c0f2l5i,U,0,0,0,0
994,cybersoul,U,0,0,0,0
995,4r2dw787vj_08c7l1f2i,U,0,0,0,0
996,bzj72nqgpn_05l2f0i6c,U,0,0,0,0
997,bdhdjs,U,0,0,0,0
998,7hqh8kgpp5_05l4f5i1c,U,0,0,0,0
999,55y2bqrd9r_06f1c9i4l,U,0,0,2,0
1000,yd9qx7fnmq_04l5i7f9c,U,0,0,0,0
1001,k7r5c7m6rc_01i2l6c1f,U,0,0,0,0
1002,rx55s68n55_09c8l1f0i,U,0,0,0,0
1003,85ffwbgxyq_09l7f0c2i,U,0,0,0,0
1004,g22r8564gh_04f6i7l2c,U,0,0,6,0
1005,t6dc9d52hy_01c3l9f5i,U,0,0,0,0
1006,JdVision,U,0,0,0,0
1007,t27w6xdbgq_08l6i1f3c,U,0,0,0,0
1008,cpjfvwjmcv_05c0l8i3f,U,0,0,0,0
1009,55jzgyw2nh_01l5f0i0c,U,0,0,0,0
1010,shivam,U,0,19,8,8
1011,6csh6scvk2_07l9f9c7i,U,0,0,0,0
1012,self_08c7l4i8f,U,0,0,0,0
1013,btpsv4p4tt_08c8f4i3l,U,0,0,0,0
1014,9tcbd28x77_03i0l2c1f,U,0,0,0,0
1015,yjnywzpbwc_08c9i6l7f,U,0,0,0,0
1016,xkzvdj57xj_09f7c9l8i,U,0,0,0,0
1017,nuage_08i0l4c5f,U,0,0,0,0
1018,2mhdbqqk6q_06l6f3i1c,U,0,0,0,1
1019,4nk89yj727_01l4f9c7i,U,0,0,0,0
1020,nqcm2j7bmx_01i4f5l1c,U,0,0,0,1
1021,2qgxvd86ct_03l9i5c1f,U,0,0,0,1
1022,wkfkp8k9ym_06c2l5i9f,U,0,0,0,0
1023,z7z7wgwkv8_05f1i1l1c,U,0,0,5,0
1024,g5r9kj8498_02c6i7f1l,U,0,0,0,0
1025,vfftrt8t6y_09c6f7l7i,U,0,0,0,0
1026,r8fscfrrnd_08l4f8i4c,U,0,0,0,1
1027,ymvhp8bd7c_09c3i1l9f,U,0,0,0,0
1028,d29ykjcqws_04l3f1i7c,U,0,0,0,0
1029,j54ftgw7fy_09i6c5f7l,U,0,0,0,0
1030,6b6qcbpngh_04i1f0c5l,U,0,0,1,0
1031,cmq2cmqvty_00i9l2c9f,U,0,0,0,0
1032,test4,U,0,0,2,0
1033,test5,U,0,0,0,0
1034,xftjbfbbkd_08f5i5l7c,U,0,0,1,0
1035,5xq8ys4jq7_06f6c5i0l,U,0,0,0,0
1036,bmmvrgy8ky_08i5f4c7l,U,0,0,1,1
1037,ryfpz4bwkw_03l0i9c7f,U,0,0,0,0
1038,w5snn4qbkx_07i7l8c3f,U,0,0,0,0
1039,blaze,A,0,0,1,2
1040,z68fbdxf5d_08c5f7i8l,U,0,0,0,0
1041,6tvvjykcr8_04c6i0f3l,U,0,0,0,0
1042,s78mmjq6g2_05i1f7l1c,U,0,0,0,0
1043,dk6kvjzwj7_01c3i7l1f,U,0,0,0,0
1044,69j5qn5bjv_03i7c2l6f,U,0,0,0,0
1045,Saauud,U,0,0,0,0
1046,testuser,U,0,0,0,0
1048,8665f6v4ty_04l4i4c4f,U,0,0,0,0
1049,dch45wvxh5_03i5c2l1f,U,0,0,0,0
1050,bpn7hpvdj4_08f7l4i3c,U,0,0,0,0
1051,w2tkvc9462_06f6c3i9l,U,0,0,0,0
1052,dfqch8sygc_00l1c0f0i,U,0,0,0,0
1053,97zj9p4gjj_04i4l7f5c,U,0,0,0,0
1055,adarsh_02l8c2i6f,U,0,0,0,0
1056,9ywhbxqkgc_07c1f0l2i,U,0,0,1,0
1057,vqj4hbhsj6_08l3i5c2f,U,0,0,0,0
1058,cffmphsg6j_01c0l8f1i,U,0,0,0,0
1059,4mtykfxnn8_09i9l0f1c,U,0,0,0,0
1060,m6mytr2jmn_06l5i9f5c,U,0,0,0,0
1061,tcfz29tyyg_05i0f4c4l,U,0,1,0,0
1062,pffd8kzm2j_09i2c8f4l,U,0,0,1,2
1063,vfksbg5knp_08l8i2c9f,U,0,0,0,0
1064,f96jwrdcpy_02c3l3f7i,U,0,0,0,0
1065,pb52qdxkm6_01i4c3l3f,U,0,0,0,0
1066,rkr5tzwd9j_06l9f1i5c,U,0,0,3,0
1067,sr2wx4fgdq_02l8f1c8i,U,0,0,0,0
1068,wfzvrjczd9_03i8f8l7c,U,0,0,1,0
1069,b7wntbnsk6_07i2c3l9f,U,0,0,0,0
1070,8fjrqq6bf6_09f0c3l8i,U,0,0,0,0
1071,dnjdjd,U,0,0,0,0
1072,qv9dvmhc89_07i4c3f1l,U,0,0,0,0
1073,xftqnhfpjz_08l1c8f7i,U,0,0,1,0
1076,adarsh,U,0,0,1,2
1077,cbpb4xnxqg_09f8i1l5c,U,0,0,0,0
1078,8k66kmk25k_00c1i3f5l,U,0,0,0,0
1079,myb7df6yqb_08l6f8i8c,U,0,0,0,0
1080,ncyhp4tb4y_08f2l9c7i,U,0,0,0,0
1081,katyanka214,U,0,0,0,0
1082,db5mg2p55n_01i9c5f3l,U,0,0,0,0
1083,f49bvmkcqy_09f1l1c7i,U,0,0,0,0
1084,wvjhxhcpmv_00c2i9l6f,U,0,0,0,0
1085,ctrxqs46ss_09i9l3c0f,U,0,0,0,0
1086,sz8k6ftqgc_06c3l2i8f,U,0,0,0,0
1087,deejer11_04i8l7c1f,U,0,0,0,0
1088,9c72vmwxhc_06c3l2i0f,U,0,0,1,0
1089,y46xtt2gxq_00c8f0l9i,U,0,0,0,0
1090,2gyjjv6q4g_08f9i7c8l,U,0,0,0,0
1091,sqw2kcnmd2_05f6c6l8i,U,0,0,0,0
1092,5cj4252j2m_01i1l8f5c,U,0,0,0,0
1093,ashlee,U,0,0,0,0
1094,7ny8phytbj_07i6c4f2l,U,0,0,0,0
1095,77jr9qbknk_04c0f1l8i,U,0,0,0,0
1096,alaga,U,0,0,0,0
1097,mjg2mscvj5_02c9l6i4f,U,0,0,0,0
1098,sumit_06f0i2l6c,U,0,0,0,0
1099,rahul88,U,0,0,0,0
1100,ncoajfpoa,U,0,0,0,0
1101,bugawon,U,0,0,0,0
1102,charan_04i1l9f5c,U,0,0,0,0
1103,sudha_07l5i1c3f,U,0,0,0,0
1104,abdulrab_03f8i0c1l,U,0,0,0,0
1105,Dylan,U,0,0,0,2
1106,Stedmankine,U,0,0,0,0
1107,shivam_008,U,0,0,2,2
1108,karen_09i9l8c5f,U,0,0,0,0
1109,sydborden,U,0,0,0,1
1110,createathon_05f0l9c0i,U,0,0,0,0
1111,75dtgnggth_06i8f6c0l,U,0,0,0,0
1112,kingFern,U,0,0,0,0
1113,gxxh8h8v9w_00f7c7l1i,U,0,0,0,0
1114,dimitry_03i6c7f9l,U,0,0,0,0
1115,maya_02c9i8f1l,U,0,0,0,0
1116,tmwyn29vrh_07c6l7f2i,U,0,0,0,0
1117,Sanket17,U,0,0,0,0
1118,brotoseno43,U,0,0,0,0
1119,m648dhjr72_07l0f3i9c,U,0,0,0,1
1120,teju,U,0,0,0,2
1121,pranav_07i9c1l3f,U,0,0,0,0
1122,ray_00f9i6l4c,U,0,0,0,1
1123,saaladiin,U,0,1,10,4
1124,osting,U,0,0,0,1
1125,g5yb5sd5xt_05c4i9f7l,U,0,0,0,2
1126,Sylvain1,U,0,0,10,2
1127,wisdom_02f6i9c5l,U,0,0,0,1
1128,Emmanuelodoh,U,0,0,10,1
1129,kev,U,0,0,0,0
1130,Slindoh,U,0,0,0,0
1131,sam_altaman,U,0,0,0,0
1132,bloomscroller,U,0,13,0,1
1133,Rezelite,U,0,0,0,0
1134,charles_03l1i9c7f,U,0,0,0,0
1135,Zainnox,U,0,0,0,0
1136,kskrcjkskrjdje,U,0,0,0,0
1137,Money,U,0,0,0,0
1138,hamza,U,0,0,0,0
1139,6zrzjqyvc2_06i1c9f0l,U,0,0,0,0
1140,dhm7jh9264_06l8f3i5c,U,0,0,0,0
1141,h6n4gmnzb5_01i8c8f0l,U,0,0,0,0
1142,g555qrc6cp_08f4c5i8l,U,0,0,0,0
1143,navlesh123,U,0,0,0,0
1144,todkar123,U,0,0,0,0
1145,zywzx6v899_07c1l6f9i,U,0,0,0,0
1146,4z2sqmfd27_06c8i0l4f,U,0,0,0,0
1147,aye,U,0,0,0,0
1148,ibrahim_02c7f2l5i,U,0,0,0,0
1149,kunalarya,U,0,12,0,0
1150,Imsakshi,U,0,9,0,0
1151,pratik_05i6f4c4l,U,0,0,0,0
1152,devika_09f5c0l1i,U,0,11,0,0
1153,sudharsan97511,U,0,0,0,0
1154,lavanya,U,0,0,0,0
1155,lavanya05,U,0,33,0,0
1156,jayansh_04i7f5l7c,U,0,3,0,0
1157,omkarG,U,0,0,0,0
1158,diksha0308,U,0,0,0,0
1159,akshitsh22,U,0,0,0,0
1160,n190110_03i8f8c2l,U,0,0,0,0
1161,lien_04f2l2i1c,U,0,0,0,0
1162,sowmya1123,U,0,4,0,0
1163,prathamesh_02l0c0i2f,U,0,0,0,0
1164,ayooluwa_04c3l8f2i,U,0,0,0,0
1165,uday_06f6l7i3c,U,0,10,0,0
1166,beastmaster64,U,0,0,0,0
1167,beastmaster6465555,U,0,0,0,0
1168,aadiiiofficial,U,0,0,0,0
1169,wakandaforever,U,0,0,0,0
1170,jayansh,U,0,4,0,0
1171,wakandaforever094,U,0,0,0,0
1172,skie0125,U,0,0,0,0
1173,nk_04l2f2c0i,U,0,0,0,0
1174,Sauarv0699,U,0,0,0,0
1175,Siddharthgupta,U,0,0,0,0
1176,ayooluwa904,U,0,0,0,0
1177,baadshah97,U,0,0,0,0
1178,preet_05l2f8c8i,U,0,0,0,0
1179,yashdeep,U,0,19,0,0
1180,sudharsan,U,0,0,0,0
1181,pranav12345,U,0,16,0,0
1182,Bk7228,U,0,22,0,0
1183,Deendayal85,U,0,0,0,0
1184,arjuna90040,U,0,0,0,0
1185,degu_02f0c6l0i,U,0,0,1,0
1186,priyanka_00f3c5l1i,U,0,20,0,0
1187,Ash20,U,0,0,0,0
1188,abhinaya_01l7f5i7c,U,0,0,0,0
1189,Ashh0920,U,0,0,0,0
1190,gouravJoshi,U,0,0,0,0
1191,Rishwanth,U,0,0,0,0
1192,payal_05l3c8i3f,U,0,11,0,0
1193,rahul7,U,0,0,0,0
1194,naveen_02l8c7i1f,U,0,0,0,0
1195,shree_abhishek,U,0,0,0,0
1196,hardik_64,U,0,0,0,0
1197,nfdtrmy4ng_08i7l7c2f,U,0,0,1,0
1198,mahendra_08l0i0c8f,U,0,0,0,0
1199,Minal,U,0,0,0,0
1200,raphael_07l3c9f8i,U,0,0,0,0
1201,ankur_raj,U,0,0,0,0
1202,sri_vardhan,U,0,30,0,0
1203,lathvika_05f7i8l3c,U,0,0,0,0
1204,ajay_singh,U,0,1,0,0
1205,ashwini_08f8l7c7i,U,0,0,0,0
1206,uday1234,U,0,0,0,0
1207,yashdavkhar10,U,0,0,0,0
1208,mohammed_07i4f3l9c,U,0,0,0,0
1209,shree_09c7f5l1i,U,0,0,0,0
1210,gautham_07c5i0l6f,U,0,0,0,0
1211,bhavishy,U,0,0,0,0
1212,thakurmayanksingh,U,0,0,0,0
1213,Arjun,U,0,0,0,0
1214,suraj8433,U,0,0,0,0
1215,amnraj,U,0,6,0,0
1216,ash,U,0,55,0,0
1217,kodali_07f0i5c7l,U,0,0,1,0
1218,isha2024,U,0,0,0,0
1219,eshan276,U,0,0,0,0
1220,shown_00c7f6i8l,U,0,0,0,0
1221,xyfer,U,0,18,1,0
1222,Liana,U,0,0,0,0
1223,anusha_08l4f4i3c,U,0,0,0,0
1224,ishika,U,0,2,0,0
1225,bat_05f8i2c3l,U,0,0,0,0
1226,ankur_raj_,U,0,147,0,0
1227,vaishnavi_03i4f6c6l,U,0,0,0,0
1228,MinalJoshi,U,0,85,0,0
1229,sameer_03l1f7c8i,U,0,0,0,0
1230,yut_02f7c2i3l,U,0,0,0,0
1231,vardhan,U,0,0,0,0
1232,yellow_02f4c7l1i,U,0,0,0,0
1233,naren_AG,U,0,0,0,0
1234,2001__02f6c6i0l,U,0,0,0,0
1235,Vyshak,U,0,30,0,0
1236,rajnandani_2004,U,0,0,0,0
1237,aryan_00f2l6i5c,U,0,0,0,0
1238,aryan_00f2l6i6c,U,0,0,0,0
1239,vanshika_09i0l5f1c,U,0,0,0,0
1240,er_abhishek,U,0,12,0,0
1241,sanjana_21,U,0,0,0,0
1242,Saga,U,0,0,0,0
1243,Riyanshi,U,0,0,0,0
1244,amritsundarka,U,0,21,1,0
1245,rahul_74,U,0,1,0,0
1246,Pichika_Srivalli,U,0,0,0,0
1247,sanskrit_18,U,0,0,0,0
1248,ajibur_04i1f3l1c,U,0,0,0,0
1249,qr2znrm9hb_00f5l6i9c,U,0,0,0,0
1250,shannu,U,0,1,0,0
1251,priyal101,U,0,2,0,0
1252,sonit_06i9l2f5c,U,0,0,0,0
1253,gkf96pv7q5_08c3f5l1i,U,0,0,0,0
1254,devrajoriya,U,0,3,0,0
1255,naresh_09i3f7l3c,U,0,0,0,0
1256,yuvraj_01i9l5f7c,U,0,0,0,0
1257,master,U,0,0,0,0
1258,shikhar_08c7i8f8l,U,0,11,0,0
1259,illusion_06c9i3f3l,U,0,0,0,0
1260,satya_02f0c3i0l,U,0,0,0,0
1261,satyadevavarapu,U,0,0,0,0
1262,shreyasempowerverse,U,0,0,0,0
1263,nb5hbkfr47_09c7l1f8i,U,0,0,0,0
1264,sush24,U,0,0,0,0
1265,jatin_06i0c0l7f,U,0,0,0,0
1266,adityaa,U,0,6,0,0
1267,vishnuhari17,U,0,5,0,0
1268,harshit_09f7c9i7l,U,0,0,0,0
1269,tejas_04f8i0c5l,U,0,0,0,0
1270,Sahil,U,0,0,0,0
1271,atulguptag,U,0,0,0,0
1272,atul_guptag,U,0,0,0,0
1273,garvit_24,U,0,0,0,0
1274,Chidvi1804,U,0,0,0,0
1275,Chidvilasini1804,U,0,20,0,1
1276,garvit_25,U,0,0,0,0
1277,garvitng_25,U,0,0,0,0
1278,yshubh12,U,0,3,0,0
1279,badalsingh,U,0,3,0,0
1280,kullayi_09c8l5i3f,U,0,0,0,0
1281,ahune,U,0,0,0,0
1282,piyush27,U,0,0,0,0
1283,kairav,U,0,18,1,0
1284,arcane_v7,U,0,0,0,0
1285,subhradip_32,U,0,0,0,0
1286,ganeshreddy,U,0,1,0,0
1287,khushalj728,U,0,0,0,0
1288,subh_2005,U,0,0,0,0
1289,khushalj287,U,0,0,0,0
1290,hvrashmi06,U,0,0,0,0
1291,nandini_437,U,0,0,0,0
1292,rosansen7,U,0,0,0,0
1293,rosansen788,U,0,0,0,0
1294,neelraj,U,0,0,0,0
1295,imr,U,0,0,0,0
1296,jainildesai05,U,0,0,0,0
1297,eesha_03c8f5l4i,U,0,0,0,0
1298,trijal_00f4i0c4l,U,0,0,0,0
1299,devi08,U,0,0,0,0
1300,harsheetakhandelwal,U,0,0,0,0
